<?xml version="1.0" encoding="UTF-8"?>
<project-private xmlns="http://www.netbeans.org/ns/project-private/1">
    <editor-bookmarks xmlns="http://www.netbeans.org/ns/editor-bookmarks/2" lastBookmarkId="0"/>
    <open-files xmlns="http://www.netbeans.org/ns/projectui-open-files/2">
        <group>
            <file>file:/D:/Semester%203/OOP/TB%20Bukalapak/bukalapak_3%20Desember/bukalapak/src/Entity/Entity_barang.java</file>
            <file>file:/D:/Semester%203/OOP/TB%20Bukalapak/bukalapak_3%20Desember/bukalapak/src/Controller/BarangController.java</file>
            <file>file:/D:/Semester%203/OOP/TB%20Bukalapak/bukalapak_3%20Desember/bukalapak/src/Boundary/Boundary_dataBarangPenjual.java</file>
            <file>file:/D:/Semester%203/OOP/TB%20Bukalapak/bukalapak_3%20Desember/bukalapak/src/Controller/UserController.java</file>
            <file>file:/D:/Semester%203/OOP/TB%20Bukalapak/bukalapak_3%20Desember/bukalapak/src/Boundary/boundary_home.java</file>
        </group>
    </open-files>
</project-private>
